기간,지역,LNG,,,
,,,태양,풍력,PPA 계
Apr-26,합계,48387.799,11312.109,3066.623,
Mar-26,합계,48387.799,11245.521,2901.323,21469.92867
Feb-26,합계,48387.799,11195.01,2807.823,21236
Jan-26,합계,48387.799,11116.053,2807.823,21035
Dec-25,합계,48387.799,11040.114,2774.623,20807.27784
Nov-25,합계,47283.199,10664.508,2575.123,20512.85342
Oct-25,합계,48387.799,10588.051,2609.123,20273
Sep-25,합계,47886.399,10518.872,2598.723,20096
Aug-25,합계,47315.399,10414.914,2499.723,19857
Jul-25,합계,47315.399,10362.543,2499.723,19686.73649
Jun-25,합계,45685.299,10197.451,2499.723,19420.97856
May-25,합계,46662.379,10079.771,2457.723,19241.84129
Apr-25,합계,46662.379,10001.242,2457.723,19065.2534
Mar-25,합계,46662.379,9851.707,2434.223,18842.25807
Feb-25,합계,46662.379,9813.608,2434.223,18649.20811
Jan-25,합계,46662.379,9752.888,2359.223,18445.8793
Dec-24,합계,48062.379,9659.858,2359.223,18245.25302
Nov-24,합계,48071.379,9582.314,2343.623,18003.13452
Oct-24,합계,47983.034,9414.259,2247.623,17810
Sep-24,합계,47816.379,9313.017,2247.623,17626
Aug-24,합계,47983.034,9100.052,2247.623,17453
Jul-24,합계,47546.379,9043.13,2230.943,17277
Jun-24,합계,47573.4,8977.718,2230.943,17072
May-24,합계,46848.2,8934.43,2226.743,16892
Apr-24,합계,45242,8834.451,2226.743,16707
Mar-24,합계,45242,8786.539,2192.343,16549
Feb-24,합계,44838.519,8728.524,2192.343,16410
Jan-24,합계,44256.504,8677.627,2192.343,16298.4538
Dec-23,합계,44097.708,8563.493,2151.993,16138.941
Nov-23,합계,44097.708,8438.506,2051.913,15944.526
Oct-23,합계,44097.708,8376.218,2051.913,15779.941
Sep-23,합계,44097.708,8272.302,1941.313,15635.91935
Aug-23,합계,44097.708,8184.137,1932.113,15486.539
Jul-23,합계,44097.636,8075.011,1932.113,15258.456
Jun-23,합계,44127.076,7660.679,1935.523,15258.456
May-23,합계,44127.076,7613.293,1935.523,15131.914
Apr-23,합계,44006.196,7517.462,1935.523,15041.874
Mar-23,합계,43623.396,7440.289,1935.523,14925.557
Feb-23,합계,43393.776,7355.874,1934.233,14799.864
Jan-23,합계,42107.876,7310.221,1934.233,14678.139
Dec-22,합계,42107.876,6946.457,1934.233,14622.255
Nov-22,합계,42107.876,6789.743,1798.533,14409.537
Oct-22,합계,42107.876,6720.992,1774.533,14226.916
Sep-22,합계,42107.876,6654.549,1774.533,14126.828
Aug-22,합계,41915.448,6473.909,1753.533,14049.273
Jul-22,합계,41915.448,6338.593,1753.533,13914.165
Jun-22,합계,41528.026,6281.966,1753.533,13786
May-22,합계,41528.026,6246.615,1753.533,13615
Apr-22,합계,41528.026,6181.586,1734.733,13467
Mar-22,합계,41528.026,6125.892,1726.733,13326
Feb-22,합계,41528.026,6064.699,1726.733,13219
Jan-22,합계,41528.026,5910.283,1726.733,13147
Dec-21,합계,41528.026,5827.456,1726.733,13046
Nov-21,합계,41978.026,5579.3,1707.933,12504
Oct-21,합계,41817.056,5446.902,1707.933,12285
Sep-21,합계,41498.336,5289.276,1707.933,12127
Aug-21,합계,41498.336,5191.048,1707.933,11993
Jul-21,합계,41498.336,5128.371,1709.933,11881
Jun-21,합계,41498.336,5051.259,1691.933,11660
May-21,합계,41498.336,4981.009,1691.933,11460
Apr-21,합계,41498.336,4898.357,1691.933,11293
Mar-21,합계,40725.086,4844.903,1691.933,11144
Feb-21,합계,40725.086,4738.199,1691.933,10953
Jan-21,합계,40725.086,4696.154,1691.933,10816
Dec-20,합계,40725.086,4642.887,1681.133,10635
Nov-20,합계,40746.086,4482.515,1670.333,9985
Oct-20,합계,40746.086,4356.726,1621.333,9671
Sep-20,합계,40746.086,4318.626,1621.333,9416
Aug-20,합계,40746.086,4263.431,1578.133,9167
Jul-20,합계,40746.086,4238.604,1578.133,9039
Jun-20,합계,40296.086,4202.272,1575.133,8722
May-20,합계,40296.086,3880.152,1563.583,8438
Apr-20,합계,40296.086,3754.83,1562.173,8217
Mar-20,합계,40296.086,3705.48,1562.173,8014
Feb-20,합계,40296.086,3669.899,1562.173,7843
Jan-20,합계,39946.086,3529.706,1562.173,7672
Dec-19,합계,38667.352,3411.216,1562.173,
Nov-19,합계,38562.352,3236.6,1562.833,
Oct-19,합계,38553.179,3185.085,1562.833,
Sep-19,합계,38553.179,3138.689,1562.833,
Aug-19,합계,38553.379,3110.261,1481.308,
Jul-19,합계,38553.379,3057.123,1481.308,
Jun-19,합계,38270.479,2995.308,1421.308,
May-19,합계,38261.306,2853.68,1421.308,
Apr-19,합계,37680.906,2813.22,1421.308,
Mar-19,합계,37320.906,2783.41,1421.308,
Feb-19,합계,37320.906,2730.784,1421.308,
Jan-19,합계,36960.906,2688.935,1421.308,
Dec-18,합계,36960.906,2626.64,1422.718,
Nov-18,합계,36960.906,2569.291,1418.518,
Oct-18,합계,36510.906,2517.63,1416.218,
Sep-18,합계,36510.906,2484.466,1399.318,
Aug-18,합계,35610.906,2451.303,1284.718,
Jul-18,합계,35610.906,2399.497,1282.418,
Jun-18,합계,35610.906,2302.17,1282.418,
May-18,합계,35610.906,2252.378,1282.418,
Apr-18,합계,35610.906,2198.634,1281.668,
Mar-18,합계,35610.906,2178.55,1281.668,
Feb-18,합계,35449.936,2136.038,1281.668,
Jan-18,합계,35129.216,2111.989,1265.878,
Dec-17,합계,35609.216,2044.01,1233.718,
Nov-17,합계,35609.216,1929.379,1188.818,
Oct-17,합계,35609.216,1890.776,1188.818,
Sep-17,합계,35642.416,1878.814,1160.068,
Aug-17,합계,35534.506,1858.464,1084.168,
Jul-17,합계,35402.596,1845.592,1079.468,
Jun-17,합계,34684.44,1812.795,1076.168,
May-17,합계,34437.97,1777.154,1076.168,
Apr-17,합계,34476.77,1733.773,1076.168,
Mar-17,합계,34840.015,1691.156,1076.168,
Feb-17,합계,34990.095,1628.827,1076.168,
Jan-17,합계,34259.695,1619.089,1076.168,
Dec-16,합계,33769.166,1613.063,1048.088,
Nov-16,합계,31983.05,1523.138,1050.728,
Oct-16,합계,31658.77,1489.972,1017.878,
Sep-16,합계,30428.77,1479.824,968.828,
Aug-16,합계,30428.77,1456.151,938.828,
Jul-16,합계,30428.77,1442.542,936.828,
Jun-16,합계,30428.77,1427.555,915.828,
May-16,합계,30428.99,1412.434,895.528,
Apr-16,합계,30428.99,1400.981,895.528,
Mar-16,합계,30428.99,1392.435,876.778,
Feb-16,합계,30428.99,1372.732,876.778,
Jan-16,합계,30428.99,1362.729,876.778,
Dec-15,합계,30482.49,1339.922,846.778,
Nov-15,합계,30482.49,1296.467,832.778,
Oct-15,합계,30482.49,1283.903,812.128,
Sep-15,합계,30046.39,1274.88,814.56,
Aug-15,합계,30046.39,1259.262,814.561,
Jul-15,합계,30046.39,1249.751,814.561,
Jun-15,합계,30046.39,1189.806,807.161,
May-15,합계,29565.35,1157.373,747.761,
Apr-15,합계,29565.35,1133.634,677.761,
Mar-15,합계,29565.35,1120.578,647.721,
Feb-15,합계,29565.35,1089.382,647.761,
Jan-15,합계,29279.95,1078.091,645.461,
Dec-14,합계,28707.35,1036.926,640.771,
Nov-14,합계,28421.95,1016.71,637.771,
Oct-14,합계,28039.55,995.892,607.771,
Sep-14,합계,28591.15,977.854,605.111,
Aug-14,합계,29041.15,959.195,605.111,
Jul-14,합계,28115.85,949.446,605.111,
Jun-14,합계,26187.35,873.842,605.111,
May-14,합계,25868.45,816.553,605.111,
Apr-14,합계,25294.05,804.23,605.111,
Mar-14,합계,24396.75,782.296,594.611,
Feb-14,합계,24396.75,768.825,591.111,
Jan-14,합계,23512.75,761.787,588.111,
Dec-13,합계,23512.75,743.738,578.111,
Nov-13,합계,22571.45,660.37,558.111,
Oct-13,합계,22571.009,620.992,556.461,
Sep-13,합계,22571.009,606.732,556.461,
Aug-13,합계,22571.009,599.922,516.461,
Jul-13,합계,22658.209,590.272,514.961,
Jun-13,합계,22128.209,571.534,514.961,
May-13,합계,20964.689,520.037,514.961,
Apr-13,합계,20386.489,503.913,490.961,
Mar-13,합계,20386.489,491.806,488.961,
Feb-13,합계,19940.079,482.138,488.961,
Jan-13,합계,19940.079,481.004,488.961,
Dec-12,합계,20138.479,466.217,486.961,
Nov-12,합계,20138.479,423.768,477.961,
Oct-12,합계,20138.479,413.245,472.961,
Sep-12,합계,20138.479,404.413,472.961,
Aug-12,합계,20138.479,402.057,456.161,
Jul-12,합계,19584.079,403.653,454.746,
Jun-12,합계,18751.079,399.381,454.746,
May-12,합계,18504.071,388.03,454.746,
Apr-12,합계,18504.071,377.433,454.746,
Mar-12,합계,18504.071,376.478,436.746,
Feb-12,합계,18504.071,366.994,423.246,
Jan-12,합계,18504.071,364.854,421.746,
Dec-11,합계,18504.071,358.391,421.746,
Nov-11,합계,18504.071,348.297,405.746,
Oct-11,합계,18504.071,347.299,400.745,
Sep-11,합계,18504.071,347.2,397.745,
Aug-11,합계,18954.071,347.2,397.745,
Jul-11,합계,18945.071,345.851,396.245,
Jun-11,합계,18945.071,346.133,381.085,
May-11,합계,18843.371,344.817,381.085,
Apr-11,합계,18843.371,345.517,381.085,
Mar-11,합계,18837.371,348.167,381.085,
Feb-11,합계,18837.371,347.658,378.085,
Jan-11,합계,18837.371,348.158,378.085,
Dec-10,합계,18262.771,348.103,378.085,
Nov-10,합계,18262.771,348.503,378.085,
Oct-10,합계,18214.471,345.993,378.085,
Sep-10,합계,18214.471,344.99,378.085,
Aug-10,합계,17639.871,342.99,370.085,
Jul-10,합계,17124.371,341.858,370.085,
Jun-10,합계,16957.057,341.858,367.835,
May-10,합계,16670.647,340.62,351.685,
Apr-10,합계,15728.247,339.62,351.685,
Mar-10,합계,15728.247,338.265,350.185,
Feb-10,합계,15728.247,341.303,347.185,
Jan-10,합계,15728.247,342.741,347.185,
Dec-09,합계,15728.247,343.806,347.185,
Nov-09,합계,15010.247,342.809,344.935,
Oct-09,합계,14822.947,327.194,344.935,
Sep-09,합계,14822.947,320.222,344.935,
Aug-09,합계,15147.947,310.416,311.935,
Jul-09,합계,15147.947,276.417,311.935,
Jun-09,합계,15472.947,273.327,311.935,
May-09,합계,15291.997,270.213,311.935,
Apr-09,합계,15291.997,267.03,311.935,
Mar-09,합계,15291.997,263.659,311.935,
Feb-09,합계,14964.039,262.401,311.935,
Jan-09,합계,14964.039,259.909,309.935,
Dec-08,합계,14964.039,259.909,299.935,
Nov-08,합계,14964.039,255.931,299.935,
Oct-08,합계,14964.039,255.631,235.435,
Sep-08,합계,14964.039,255.631,235.435,
Aug-08,합계,14964.039,173.356,195.435,
Jul-08,합계,14964.039,159.661,195.435,
Jun-08,합계,14964.039,148.348,195.435,
May-08,합계,14964.039,121.945,195.435,
Apr-08,합계,14964.039,79.099,194.685,
Mar-08,합계,14964.039,57.232,194.685,
Feb-08,합계,14931.789,47.885,194.685,
Jan-08,합계,14931.789,39.432,194.685,
Dec-07,합계,14931.789,34.771,194.685,
Nov-07,합계,14931.789,29.089,191.685,
Oct-07,합계,14419.989,22.539,179.685,
Sep-07,합계,13895.239,20.239,176.935,
Aug-07,합계,13895.239,16.701,176.935,
Jul-07,합계,13895.239,15.06,164.4,
Jun-07,합계,13895.239,13.028,164.4,
May-07,합계,13895.239,11.828,164.4,
Apr-07,합계,13895.239,10.578,164.4,
Mar-07,합계,13895.239,10.578,164.4,
Feb-07,합계,13895.239,8.935,164.4,
Jan-07,합계,13895.239,8.935,164.4,
Dec-06,합계,13895.239,7.37,164.4,
Nov-06,합계,13895.239,7.37,164.4,
Oct-06,합계,13895.239,7.37,164.4,
Sep-06,합계,13895.239,5.67,161.85,
Aug-06,합계,13895.239,2.87,161.85,
Jul-06,합계,13895.239,1.87,161.85,
Jun-06,합계,13895.239,1.87,160.35,
May-06,합계,13895.239,1.07,87.35,
Apr-06,합계,13774.639,1.07,87.35,
Mar-06,합계,13774.639,1.07,87.35,
Feb-06,합계,13774.639,1.07,87.35,
Jan-06,합계,13817.039,1.07,85.65,
Dec-05,합계,13817.039,1.07,85.65,
Nov-05,합계,13443.039,0.37,85.65,
Oct-05,합계,13443.039,0.37,57.65,
Sep-05,합계,13443.039,0.37,57.65,
Aug-05,합계,13443.039,0.57,57.65,
Jul-05,합계,13443.039,0.35,57.65,
Jun-05,합계,12852.5,0.35,57.65,
May-05,합계,12852.5,0.35,55.1,
Apr-05,합계,12702.5,0.35,55.1,
Mar-05,합계,12702.5,0.35,55.1,
Feb-05,합계,12402.5,0.35,55.1,
Jan-05,합계,12402.5,0.2,55.1,
Dec-04,합계,12402.5,0.2,53.6,
Nov-04,합계,12402.5,0.2,12.3,
Oct-04,합계,12402.5,0.2,12.3,
Sep-04,합계,12402.5,0.2,12.3,
Aug-04,합계,12402.5,0,12.3,
Jul-04,합계,12402.5,0,12.3,
Jun-04,합계,12402.5,0,12.3,
May-04,합계,12402.5,0,12.3,
Apr-04,합계,12402.5,0,12.3,
Mar-04,합계,12402.5,0,12.3,
Feb-04,합계,12402.5,0,12.3,
Jan-04,합계,12252.5,0,6.3,
Dec-03,합계,12252.5,0,6.3,
Nov-03,합계,12102.5,0,6.3,
Oct-03,합계,11802.5,0,3.66,
Sep-03,합계,11802.5,0,3.66,
Aug-03,합계,11502.5,0,3.66,
Jul-03,합계,11502.5,0,2.16,
Jun-03,합계,11502.5,0,2.16,
May-03,합계,11502.5,0,2.16,
Apr-03,합계,11502.5,0,2.16,
Mar-03,합계,11502.5,0,2.16,
Feb-03,합계,11502.5,0,2.2,
Jan-03,합계,11502.5,0,2.2,
Dec-02,합계,10867.5,0,0,
Nov-02,합계,10417.5,0,0,
Oct-02,합계,10417.5,0,0,
Sep-02,합계,10417.5,0,0,
Aug-02,합계,10417.5,0,0,
Jul-02,합계,10417.5,0,0,
Jun-02,합계,10267.5,0,0,
May-02,합계,10117.5,0,0,
Apr-02,합계,9967.5,0,0,
Mar-02,합계,9967.5,0,0,
Feb-02,합계,9967.5,0,0,
Jan-02,합계,9817.5,0,0,
